Workbook

Sheet Companies
A1: company_code | B1: company_name | C1: admin_contact_phone | D1: onboarded_date | E1: machine_quota | F1: approved | G1: payment_screenshot
A2: ACME3 | B2: Acme Forge Pvt Ltd | C2: +919820012345 | D2: 46037 | E2: 5 | F2: yes
A3: BETA1 | B3: Beta Precision Works | C3: +919820098765 | D3: 46082 | E3: 3 | F3: yes

Sheet Machines
A1: machine_id | B1: company_code | C1: machine_name | D1: location | E1: assigned_technician_phone | F1: informed_phone_1 | G1: informed_phone_2 | H1: informed_phone_3 | I1: supervisor_id | J1: has_open_tickets
A2: TF-ACME3-M001 | B2: ACME3 | C2: CNC Lathe 1 | D2: Shop Floor A | E2: +919812340001 | F2: +919812340010 | G2: +919812340011 | I2: U-ACME3-003 | J2: =COUNTIFS(Tickets!$B:$B,A2,Tickets!$J:$J,"Open")
A3: TF-ACME3-M002 | B3: ACME3 | C3: Hydraulic Press | D3: Shop Floor B | E3: +919812340002 | F3: +919812340010 | G3: +919812340011 | I3: U-ACME3-003 | J3: =COUNTIFS(Tickets!$B:$B,A3,Tickets!$J:$J,"Open")
A4: TF-BETA1-M001 | B4: BETA1 | C4: Grinding Machine | D4: Unit 2 | E4: +919812340003 | F4: +919812340020 | J4: =COUNTIFS(Tickets!$B:$B,A4,Tickets!$J:$J,"Open")
A5: TF-BETA1-M002 | B5: BETA1 | C5: Compressor | D5: Utility Room | E5: +919812340004 | F5: +919812340020 | J5: =COUNTIFS(Tickets!$B:$B,A5,Tickets!$J:$J,"Open")

Sheet Tickets
A1: ticket_id | B1: machine_id | C1: company_code | D1: machine_name | E1: reported_at | F1: reporter_phone | G1: description | H1: ai_summary | I1: urgency | J1: status | K1: closed_at | L1: hours_to_fix | M1: voice_note_media_id | N1: photo_media_id | O1: language | P1: closed_by
A2: T001 | B2: TF-ACME3-M001 | C2: =VLOOKUP(B2,Machines!$A:$C,2,FALSE) | D2: =VLOOKUP(B2,Machines!$A:$C,3,FALSE) | E2: 46204.375 | F2: +919900011111 | G2: Loud grinding noise from spindle | H2: Spindle bearing wear suspected; medium urgency; inspect and lubricate/replace bearing | I2: Medium | J2: Open | L2: =IF(J2="Closed",(K2-E2)*24,"") | O2: hi
A3: T002 | B3: TF-ACME3-M002 | C3: =VLOOKUP(B3,Machines!$A:$C,2,FALSE) | D3: =VLOOKUP(B3,Machines!$A:$C,3,FALSE) | E3: 46208.417 | F3: +919900011112 | G3: Press not building full pressure | H3: Hydraulic seal leak likely; high urgency; check seals and fluid level | I3: Medium | J3: Closed | K3: 46209.583 | L3: =IF(J3="Closed",(K3-E3)*24,"") | O3: en | P3: +919820012345
A4: T003 | B4: TF-BETA1-M001 | C4: =VLOOKUP(B4,Machines!$A:$C,2,FALSE) | D4: =VLOOKUP(B4,Machines!$A:$C,3,FALSE) | E4: 46210.333 | F4: +919900011113 | G4: Grinding wheel wobble | H4: Wheel balance/mounting issue; medium urgency; re-mount and balance wheel | I4: Medium | J4: Closed | K4: 46210.479 | L4: =IF(J4="Closed",(K4-E4)*24,"") | O4: en | P4: +919820098765
A5: T004 | B5: TF-BETA1-M002 | C5: =VLOOKUP(B5,Machines!$A:$C,2,FALSE) | D5: =VLOOKUP(B5,Machines!$A:$C,3,FALSE) | E5: 46205.312 | F5: +919900011114 | G5: Compressor tripping breaker repeatedly | H5: Possible motor overload or short; high urgency; electrician to inspect | I5: High | J5: Open | L5: =IF(J5="Closed",(K5-E5)*24,"") | O5: en

Sheet MachineEvents
A1: event_id | B1: machine_id | C1: company_code | D1: ticket_id | E1: event_type | F1: timestamp | G1: actor_phone | H1: description | I1: media_type | J1: media_id | K1: language
A2: EV001 | B2: TF-ACME3-M001 | C2: ACME3 | D2: T001 | E2: ticket_created | F2: 46204.375 | G2: +919900011111 | H2: Ticket opened via WhatsApp | I2: audio | J2: voice_note_1 | K2: hi

Sheet Users
A1: user_id | B1: company_code | C1: name | D1: phone | E1: email | F1: role | G1: password_hash | H1: created_at
A2: U-ACME3-001 | B2: ACME3 | C2: Rakesh Shah | D2: +919820012345 | E2: rakesh@acmeforge.example | F2: owner | G2: $2b$12$v0uajli.1Ze0em9AHlNb2eGj.ZGvBimjoMS3Rjrvt0cjrNCqgHIZa | H2: 46037
A3: U-ACME3-002 | B3: ACME3 | C3: Vikram Naik | D3: +919812340010 | E3: vikram@acmeforge.example | F3: maintenance_head | G3: $2b$12$IIvHgLANrQHzvmovuC8DHeK1UOZ/NlBVCB8PU9JoFFlP7u7iTzxQ6 | H3: 46042
A4: U-ACME3-003 | B4: ACME3 | C4: Sunil Pawar | D4: +919812340011 | E4: sunil@acmeforge.example | F4: supervisor | G4: $2b$12$wTzN5JRTGMrvwdzyAK3fQenhV/J9scY7Ir9xwxd5v32TE3vwfvW6. | H4: 46042
A5: U-BETA1-001 | B5: BETA1 | C5: Meena Kulkarni | D5: +919820098765 | E5: meena@betaprecision.example | F5: owner | G5: $2b$12$O3UGekcdmnN.XDFnSUY9VOCucahyrFJGXNj0KG9p3oV8T70XzXTaW | H5: 46082
A6: U-BETA1-002 | B6: BETA1 | C6: Anil Deshmukh | D6: +919812340020 | E6: anil@betaprecision.example | F6: maintenance_head | G6: $2b$12$NOYeMQ4zcACgCXfmSC/0QOP3FOfgP51eH15cenT6fQuyXuqvO8DPq | H6: 46083

Sheet Documents
A1: document_id | B1: company_code | C1: machine_id | D1: category | E1: title | F1: file_name | G1: storage_path | H1: uploaded_by | I1: uploaded_at
A2: DOC-ACME3-001 | B2: ACME3 | C2: TF-ACME3-M001 | D2: manual | E2: CNC Lathe 1 - Operation & Maintenance Manual | F2: cnc-lathe-1-manual.txt | G2: /Users/nkumarsoni/Turbobox11/backend/document_store/ACME3/TF-ACME3-M001/DOC-ACME3-001_cnc-lathe-1-manual.txt | H2: Rakesh Shah | I2: 46210
A3: DOC-ACME3-002 | B3: ACME3 | C3: TF-ACME3-M001 | D3: circuit_diagram | E3: CNC Lathe 1 - Electrical Circuit Diagram | F3: cnc-lathe-1-circuit.txt | G3: /Users/nkumarsoni/Turbobox11/backend/document_store/ACME3/TF-ACME3-M001/DOC-ACME3-002_cnc-lathe-1-circuit.txt | H3: Vikram Naik | I3: 46210
A4: DOC-ACME3-003 | B4: ACME3 | C4: TF-ACME3-M002 | D4: hydraulic_diagram | E4: Hydraulic Press - Hydraulic Circuit Diagram | F4: hyd-press-hydraulic.txt | G4: /Users/nkumarsoni/Turbobox11/backend/document_store/ACME3/TF-ACME3-M002/DOC-ACME3-003_hyd-press-hydraulic.txt | H4: Vikram Naik | I4: 46210
A5: DOC-ACME3-004 | B5: ACME3 | C5: TF-ACME3-M002 | D5: spare_parts_catalog | E5: Hydraulic Press - Spare Parts Catalog | F5: hyd-press-spares.txt | G5: /Users/nkumarsoni/Turbobox11/backend/document_store/ACME3/TF-ACME3-M002/DOC-ACME3-004_hyd-press-spares.txt | H5: Vikram Naik | I5: 46210
A6: DOC-BETA1-001 | B6: BETA1 | C6: TF-BETA1-M001 | D6: manual | E6: Grinding Machine - Operation Manual | F6: grinder-manual.txt | G6: /Users/nkumarsoni/Turbobox11/backend/document_store/BETA1/TF-BETA1-M001/DOC-BETA1-001_grinder-manual.txt | H6: Anil Deshmukh | I6: 46210

Sheet SpareParts
A1: part_id | B1: company_code | C1: machine_id | D1: part_name | E1: part_number | F1: quantity_on_hand | G1: unit | H1: reorder_level | I1: supplier | J1: notes
A2: SP-ACME3-001 | B2: ACME3 | C2: TF-ACME3-M001 | D2: Spindle Bearing 6208ZZ | E2: BRG-6208ZZ | F2: 4 | G2: pcs | H2: 2 | I2: Pune Bearings Co. | J2: Replace in pairs
A3: SP-ACME3-002 | B3: ACME3 | C3: TF-ACME3-M002 | D3: Hydraulic Seal Kit | E3: SEAL-HP-220 | F3: 3 | G3: kits | H3: 1 | I3: Hydro Seals Pvt Ltd
A4: SP-BETA1-001 | B4: BETA1 | C4: TF-BETA1-M001 | D4: Grinding Wheel 8in | E4: GW-8-A46 | F4: 6 | G4: pcs | H4: 3 | I4: Abrasives India

Sheet Consumables
A1: consumable_id | B1: company_code | C1: machine_id | D1: name | E1: quantity_on_hand | F1: unit | G1: reorder_level | H1: notes
A2: CON-ACME3-001 | B2: ACME3 | C2: TF-ACME3-M001 | D2: Way Lubricant Oil (ISO VG68) | E2: 20 | F2: litres | G2: 5 | H2: Top up weekly
A3: CON-ACME3-002 | B3: ACME3 | C3: TF-ACME3-M002 | D3: Hydraulic Fluid (ISO VG46) | E3: 40 | F3: litres | G3: 10
A4: CON-BETA1-001 | B4: BETA1 | C4: TF-BETA1-M001 | D4: Coolant Concentrate | E4: 15 | F4: litres | G4: 5

Sheet Dashboard
A1: TurboFix Dashboard
A3: Select Company: | B3: ACME3
A4: Company Name: | B4: =IFERROR(VLOOKUP(B3,Companies!$A:$B,2,FALSE),"")
A6: Key Metrics
A7: Open Tickets | B7: =COUNTIFS(Tickets!$C:$C,$B$3,Tickets!$J:$J,"Open")
A8: Total Machines | B8: =COUNTIFS(Machines!$B:$B,$B$3)
A9: Machines Down | B9: =COUNTIFS(Machines!$B:$B,$B$3,Machines!$I:$I,">0")
A10: Closed Today | B10: =COUNTIFS(Tickets!$C:$C,$B$3,Tickets!$J:$J,"Closed",Tickets!$K:$K,">="&TODAY(),Tickets!$K:$K,"<"&(TODAY()+1))
A11: Total Tickets | B11: =COUNTIFS(Tickets!$C:$C,$B$3)
A12: Avg Hours to Fix | B12: =IFERROR(ROUND(AVERAGEIFS(Tickets!$L:$L,Tickets!$C:$C,$B$3,Tickets!$J:$J,"Closed"),1),0)
A13: Plant Health % | B13: =IFERROR(ROUND((B8-B9)/B8*100,0),100)
A15: Note: this per-company view works via the selector above (anyone with edit access to this file can change it and see any company's numbers). For production, each company owner should only ever see their own filtered view/link (e.g. a protected range + IMPORTRANGE into a company-specific sheet, or a backend-driven web dashboard) rather than direct access to this consolidated workbook.
